"","species","interactions"
"1","mono",3
"2","melitto",20
"3","trichod",19
"4","sapyga",2
"5","pyem",8
"6","Chrysis.ignita",1
"7","diptergr",5
"8","dipterpt",8
"9","anthrax",4
"10","chaetod",2
"11","cacox",1
"12","ptinus.pyrenaeus",2
"13","ptinus.sexp",3
"14","plodia",2
"15","hybomisc",3
"16","stelis.minuta",1
"17","gasterup",3
"18","Trichr..Cyanea",3
"19","Omalus.auratus",2
"20","stelis.brev",1
