"","species","interactions","indegree","rep"
"1","anthrax",4,7,1
"2","cacox",1,9,1
"3","chaetod",2,7,1
"4","Chrysis.ignita",1,5,1
"5","diptergr",5,13,1
"6","dipterpt",8,8,1
"7","gasterup",3,4,1
"8","hybomisc",3,4,1
"9","melitto",20,9,1
"10","mono",3,9,1
"11","Omalus.auratus",2,1,1
"12","plodia",2,3,1
"13","ptinus.pyrenaeus",2,4,1
"14","ptinus.sexp",3,6,1
"15","pyem",8,5,1
"16","sapyga",2,6,1
"17","stelis.brev",1,3,1
"18","stelis.minuta",1,2,1
"19","trichod",19,5,1
"20","Trichr..Cyanea",3,3,1
"21","anthrax",4,9,2
"22","cacox",1,6,2
"23","chaetod",2,10,2
"24","Chrysis.ignita",1,3,2
"25","diptergr",5,8,2
"26","dipterpt",8,6,2
"27","gasterup",3,5,2
"28","hybomisc",3,3,2
"29","melitto",20,10,2
"30","mono",3,6,2
"31","Omalus.auratus",2,3,2
"32","plodia",2,6,2
"33","ptinus.pyrenaeus",2,2,2
"34","ptinus.sexp",3,1,2
"35","pyem",8,10,2
"36","sapyga",2,3,2
"37","stelis.brev",1,2,2
"38","stelis.minuta",1,1,2
"39","trichod",19,6,2
"40","Trichr..Cyanea",3,2,2
"41","anthrax",4,2,3
"42","cacox",1,3,3
"43","chaetod",2,6,3
"44","Chrysis.ignita",1,7,3
"45","diptergr",5,5,3
"46","dipterpt",8,1,3
"47","gasterup",3,3,3
"48","hybomisc",3,2,3
"49","melitto",20,10,3
"50","mono",3,3,3
"51","Omalus.auratus",2,4,3
"52","plodia",2,6,3
"53","ptinus.pyrenaeus",2,8,3
"54","ptinus.sexp",3,6,3
"55","pyem",8,8,3
"56","sapyga",2,4,3
"57","stelis.brev",1,3,3
"58","stelis.minuta",1,1,3
"59","trichod",19,4,3
"60","Trichr..Cyanea",3,4,3
"61","anthrax",4,3,4
"62","cacox",1,6,4
"63","chaetod",2,5,4
"64","Chrysis.ignita",1,4,4
"65","diptergr",5,9,4
"66","dipterpt",8,6,4
"67","gasterup",3,4,4
"68","hybomisc",3,8,4
"69","melitto",20,6,4
"70","mono",3,6,4
"71","Omalus.auratus",2,3,4
"72","plodia",2,2,4
"73","ptinus.pyrenaeus",2,4,4
"74","ptinus.sexp",3,4,4
"75","pyem",8,6,4
"76","sapyga",2,8,4
"77","stelis.brev",1,4,4
"78","stelis.minuta",1,1,4
"79","trichod",19,5,4
"80","Trichr..Cyanea",3,5,4
"81","anthrax",4,10,5
"82","cacox",1,1,5
"83","chaetod",2,8,5
"84","Chrysis.ignita",1,3,5
"85","diptergr",5,11,5
"86","dipterpt",8,5,5
"87","gasterup",3,1,5
"88","hybomisc",3,3,5
"89","melitto",20,6,5
"90","mono",3,7,5
"91","Omalus.auratus",2,2,5
"92","plodia",2,4,5
"93","ptinus.pyrenaeus",2,4,5
"94","ptinus.sexp",3,3,5
"95","pyem",8,6,5
"96","sapyga",2,4,5
"97","stelis.brev",1,1,5
"98","stelis.minuta",1,1,5
"99","trichod",19,8,5
"100","Trichr..Cyanea",3,4,5
"101","anthrax",4,12,6
"102","cacox",1,5,6
"103","chaetod",2,9,6
"104","Chrysis.ignita",1,2,6
"105","diptergr",5,5,6
"106","dipterpt",8,4,6
"107","gasterup",3,3,6
"108","hybomisc",3,3,6
"109","melitto",20,8,6
"110","mono",3,9,6
"111","Omalus.auratus",2,1,6
"112","plodia",2,8,6
"113","ptinus.pyrenaeus",2,4,6
"114","ptinus.sexp",3,2,6
"115","pyem",8,4,6
"116","sapyga",2,8,6
"117","stelis.brev",1,2,6
"118","stelis.minuta",1,1,6
"119","trichod",19,11,6
"120","Trichr..Cyanea",3,3,6
"121","anthrax",4,7,7
"122","cacox",1,4,7
"123","chaetod",2,4,7
"124","Chrysis.ignita",1,4,7
"125","diptergr",5,3,7
"126","dipterpt",8,6,7
"127","gasterup",3,3,7
"128","hybomisc",3,6,7
"129","melitto",20,6,7
"130","mono",3,8,7
"131","Omalus.auratus",2,2,7
"132","plodia",2,5,7
"133","ptinus.pyrenaeus",2,6,7
"134","ptinus.sexp",3,1,7
"135","pyem",8,6,7
"136","sapyga",2,1,7
"137","stelis.brev",1,2,7
"138","stelis.minuta",1,2,7
"139","trichod",19,4,7
"140","Trichr..Cyanea",3,2,7
"141","anthrax",4,11,8
"142","cacox",1,4,8
"143","chaetod",2,8,8
"144","Chrysis.ignita",1,7,8
"145","diptergr",5,6,8
"146","dipterpt",8,6,8
"147","gasterup",3,6,8
"148","hybomisc",3,4,8
"149","melitto",20,4,8
"150","mono",3,7,8
"151","Omalus.auratus",2,2,8
"152","plodia",2,8,8
"153","ptinus.pyrenaeus",2,3,8
"154","ptinus.sexp",3,1,8
"155","pyem",8,7,8
"156","sapyga",2,6,8
"157","stelis.brev",1,2,8
"158","stelis.minuta",1,3,8
"159","trichod",19,4,8
"160","Trichr..Cyanea",3,5,8
"161","anthrax",4,11,9
"162","cacox",1,10,9
"163","chaetod",2,5,9
"164","Chrysis.ignita",1,9,9
"165","diptergr",5,5,9
"166","dipterpt",8,5,9
"167","gasterup",3,2,9
"168","hybomisc",3,6,9
"169","melitto",20,10,9
"170","mono",3,9,9
"171","Omalus.auratus",2,1,9
"172","plodia",2,6,9
"173","ptinus.pyrenaeus",2,5,9
"174","ptinus.sexp",3,3,9
"175","pyem",8,6,9
"176","sapyga",2,9,9
"177","stelis.brev",1,3,9
"178","stelis.minuta",1,3,9
"179","trichod",19,3,9
"180","Trichr..Cyanea",3,1,9
"181","anthrax",4,3,10
"182","cacox",1,5,10
"183","chaetod",2,9,10
"184","Chrysis.ignita",1,3,10
"185","diptergr",5,6,10
"186","dipterpt",8,5,10
"187","gasterup",3,3,10
"188","hybomisc",3,3,10
"189","melitto",20,9,10
"190","mono",3,8,10
"191","Omalus.auratus",2,2,10
"192","plodia",2,7,10
"193","ptinus.pyrenaeus",2,1,10
"194","ptinus.sexp",3,4,10
"195","pyem",8,6,10
"196","sapyga",2,8,10
"197","stelis.brev",1,1,10
"198","stelis.minuta",1,1,10
"199","trichod",19,3,10
"200","Trichr..Cyanea",3,5,10
"201","anthrax",4,5,11
"202","cacox",1,4,11
"203","chaetod",2,4,11
"204","Chrysis.ignita",1,4,11
"205","diptergr",5,11,11
"206","dipterpt",8,5,11
"207","gasterup",3,5,11
"208","hybomisc",3,5,11
"209","melitto",20,7,11
"210","mono",3,7,11
"211","Omalus.auratus",2,3,11
"212","plodia",2,13,11
"213","ptinus.pyrenaeus",2,1,11
"214","ptinus.sexp",3,6,11
"215","pyem",8,7,11
"216","sapyga",2,8,11
"217","stelis.brev",1,1,11
"218","stelis.minuta",1,3,11
"219","trichod",19,6,11
"220","Trichr..Cyanea",3,5,11
"221","anthrax",4,7,12
"222","cacox",1,4,12
"223","chaetod",2,4,12
"224","Chrysis.ignita",1,3,12
"225","diptergr",5,11,12
"226","dipterpt",8,1,12
"227","gasterup",3,3,12
"228","hybomisc",3,5,12
"229","melitto",20,8,12
"230","mono",3,6,12
"231","Omalus.auratus",2,1,12
"232","plodia",2,4,12
"233","ptinus.pyrenaeus",2,1,12
"234","ptinus.sexp",3,5,12
"235","pyem",8,4,12
"236","sapyga",2,5,12
"237","stelis.brev",1,4,12
"238","stelis.minuta",1,5,12
"239","trichod",19,8,12
"240","Trichr..Cyanea",3,4,12
"241","anthrax",4,3,13
"242","cacox",1,7,13
"243","chaetod",2,9,13
"244","Chrysis.ignita",1,4,13
"245","diptergr",5,4,13
"246","dipterpt",8,5,13
"247","gasterup",3,3,13
"248","hybomisc",3,1,13
"249","melitto",20,5,13
"250","mono",3,6,13
"251","Omalus.auratus",2,2,13
"252","plodia",2,4,13
"253","ptinus.pyrenaeus",2,3,13
"254","ptinus.sexp",3,2,13
"255","pyem",8,11,13
"256","sapyga",2,6,13
"257","stelis.brev",1,1,13
"258","stelis.minuta",1,2,13
"259","trichod",19,6,13
"260","Trichr..Cyanea",3,5,13
"261","anthrax",4,10,14
"262","cacox",1,1,14
"263","chaetod",2,3,14
"264","Chrysis.ignita",1,5,14
"265","diptergr",5,5,14
"266","dipterpt",8,6,14
"267","gasterup",3,1,14
"268","hybomisc",3,2,14
"269","melitto",20,3,14
"270","mono",3,3,14
"271","Omalus.auratus",2,1,14
"272","plodia",2,4,14
"273","ptinus.pyrenaeus",2,6,14
"274","ptinus.sexp",3,2,14
"275","pyem",8,10,14
"276","sapyga",2,3,14
"277","stelis.brev",1,6,14
"278","stelis.minuta",1,3,14
"279","trichod",19,12,14
"280","Trichr..Cyanea",3,4,14
"281","anthrax",4,8,15
"282","cacox",1,4,15
"283","chaetod",2,8,15
"284","Chrysis.ignita",1,4,15
"285","diptergr",5,4,15
"286","dipterpt",8,9,15
"287","gasterup",3,1,15
"288","hybomisc",3,3,15
"289","melitto",20,6,15
"290","mono",3,13,15
"291","Omalus.auratus",2,2,15
"292","plodia",2,3,15
"293","ptinus.pyrenaeus",2,1,15
"294","ptinus.sexp",3,5,15
"295","pyem",8,5,15
"296","sapyga",2,5,15
"297","stelis.brev",1,1,15
"298","stelis.minuta",1,1,15
"299","trichod",19,7,15
"300","Trichr..Cyanea",3,1,15
"301","anthrax",4,3,16
"302","cacox",1,7,16
"303","chaetod",2,8,16
"304","Chrysis.ignita",1,4,16
"305","diptergr",5,8,16
"306","dipterpt",8,7,16
"307","gasterup",3,7,16
"308","hybomisc",3,2,16
"309","melitto",20,4,16
"310","mono",3,9,16
"311","Omalus.auratus",2,6,16
"312","plodia",2,3,16
"313","ptinus.pyrenaeus",2,3,16
"314","ptinus.sexp",3,4,16
"315","pyem",8,5,16
"316","sapyga",2,3,16
"317","stelis.brev",1,1,16
"318","stelis.minuta",1,2,16
"319","trichod",19,1,16
"320","Trichr..Cyanea",3,4,16
"321","anthrax",4,6,17
"322","cacox",1,4,17
"323","chaetod",2,5,17
"324","Chrysis.ignita",1,4,17
"325","diptergr",5,8,17
"326","dipterpt",8,7,17
"327","gasterup",3,5,17
"328","hybomisc",3,1,17
"329","melitto",20,5,17
"330","mono",3,5,17
"331","Omalus.auratus",2,4,17
"332","plodia",2,3,17
"333","ptinus.pyrenaeus",2,1,17
"334","ptinus.sexp",3,6,17
"335","pyem",8,6,17
"336","sapyga",2,4,17
"337","stelis.brev",1,2,17
"338","stelis.minuta",1,1,17
"339","trichod",19,8,17
"340","Trichr..Cyanea",3,3,17
"341","anthrax",4,8,18
"342","cacox",1,5,18
"343","chaetod",2,8,18
"344","Chrysis.ignita",1,2,18
"345","diptergr",5,6,18
"346","dipterpt",8,2,18
"347","gasterup",3,5,18
"348","hybomisc",3,6,18
"349","melitto",20,10,18
"350","mono",3,9,18
"351","Omalus.auratus",2,5,18
"352","plodia",2,5,18
"353","ptinus.pyrenaeus",2,6,18
"354","ptinus.sexp",3,9,18
"355","pyem",8,6,18
"356","sapyga",2,3,18
"357","stelis.brev",1,1,18
"358","stelis.minuta",1,3,18
"359","trichod",19,9,18
"360","Trichr..Cyanea",3,3,18
"361","anthrax",4,4,19
"362","cacox",1,9,19
"363","chaetod",2,9,19
"364","Chrysis.ignita",1,2,19
"365","diptergr",5,4,19
"366","dipterpt",8,3,19
"367","gasterup",3,5,19
"368","hybomisc",3,8,19
"369","melitto",20,4,19
"370","mono",3,6,19
"371","Omalus.auratus",2,4,19
"372","plodia",2,8,19
"373","ptinus.pyrenaeus",2,4,19
"374","ptinus.sexp",3,1,19
"375","pyem",8,5,19
"376","sapyga",2,5,19
"377","stelis.brev",1,1,19
"378","stelis.minuta",1,2,19
"379","trichod",19,8,19
"380","Trichr..Cyanea",3,2,19
"381","anthrax",4,9,20
"382","cacox",1,3,20
"383","chaetod",2,5,20
"384","Chrysis.ignita",1,5,20
"385","diptergr",5,6,20
"386","dipterpt",8,6,20
"387","gasterup",3,4,20
"388","hybomisc",3,6,20
"389","melitto",20,12,20
"390","mono",3,4,20
"391","Omalus.auratus",2,5,20
"392","plodia",2,8,20
"393","ptinus.pyrenaeus",2,2,20
"394","ptinus.sexp",3,4,20
"395","pyem",8,5,20
"396","sapyga",2,3,20
"397","stelis.brev",1,2,20
"398","stelis.minuta",1,3,20
"399","trichod",19,7,20
"400","Trichr..Cyanea",3,3,20
"401","anthrax",4,8,21
"402","cacox",1,6,21
"403","chaetod",2,4,21
"404","Chrysis.ignita",1,4,21
"405","diptergr",5,3,21
"406","dipterpt",8,3,21
"407","gasterup",3,4,21
"408","hybomisc",3,6,21
"409","melitto",20,8,21
"410","mono",3,7,21
"411","Omalus.auratus",2,4,21
"412","plodia",2,1,21
"413","ptinus.pyrenaeus",2,2,21
"414","ptinus.sexp",3,7,21
"415","pyem",8,6,21
"416","sapyga",2,4,21
"417","stelis.brev",1,2,21
"418","stelis.minuta",1,1,21
"419","trichod",19,10,21
"420","Trichr..Cyanea",3,3,21
"421","anthrax",4,6,22
"422","cacox",1,7,22
"423","chaetod",2,6,22
"424","Chrysis.ignita",1,6,22
"425","diptergr",5,8,22
"426","dipterpt",8,5,22
"427","gasterup",3,6,22
"428","hybomisc",3,3,22
"429","melitto",20,6,22
"430","mono",3,4,22
"431","Omalus.auratus",2,6,22
"432","plodia",2,6,22
"433","ptinus.pyrenaeus",2,4,22
"434","ptinus.sexp",3,2,22
"435","pyem",8,6,22
"436","sapyga",2,6,22
"437","stelis.brev",1,2,22
"438","stelis.minuta",1,1,22
"439","trichod",19,5,22
"440","Trichr..Cyanea",3,4,22
"441","anthrax",4,3,23
"442","cacox",1,6,23
"443","chaetod",2,2,23
"444","Chrysis.ignita",1,4,23
"445","diptergr",5,6,23
"446","dipterpt",8,4,23
"447","gasterup",3,4,23
"448","hybomisc",3,6,23
"449","melitto",20,4,23
"450","mono",3,6,23
"451","Omalus.auratus",2,1,23
"452","plodia",2,7,23
"453","ptinus.pyrenaeus",2,3,23
"454","ptinus.sexp",3,6,23
"455","pyem",8,9,23
"456","sapyga",2,7,23
"457","stelis.brev",1,2,23
"458","stelis.minuta",1,2,23
"459","trichod",19,11,23
"460","Trichr..Cyanea",3,5,23
"461","anthrax",4,9,24
"462","cacox",1,3,24
"463","chaetod",2,2,24
"464","Chrysis.ignita",1,6,24
"465","diptergr",5,4,24
"466","dipterpt",8,6,24
"467","gasterup",3,3,24
"468","hybomisc",3,6,24
"469","melitto",20,6,24
"470","mono",3,8,24
"471","Omalus.auratus",2,2,24
"472","plodia",2,10,24
"473","ptinus.pyrenaeus",2,4,24
"474","ptinus.sexp",3,3,24
"475","pyem",8,6,24
"476","sapyga",2,4,24
"477","stelis.brev",1,2,24
"478","stelis.minuta",1,1,24
"479","trichod",19,7,24
"480","Trichr..Cyanea",3,1,24
"481","anthrax",4,5,25
"482","cacox",1,6,25
"483","chaetod",2,5,25
"484","Chrysis.ignita",1,3,25
"485","diptergr",5,11,25
"486","dipterpt",8,5,25
"487","gasterup",3,4,25
"488","hybomisc",3,5,25
"489","melitto",20,8,25
"490","mono",3,6,25
"491","Omalus.auratus",2,3,25
"492","plodia",2,7,25
"493","ptinus.pyrenaeus",2,4,25
"494","ptinus.sexp",3,6,25
"495","pyem",8,3,25
"496","sapyga",2,5,25
"497","stelis.brev",1,1,25
"498","stelis.minuta",1,2,25
"499","trichod",19,13,25
"500","Trichr..Cyanea",3,2,25
"501","anthrax",4,5,26
"502","cacox",1,3,26
"503","chaetod",2,10,26
"504","Chrysis.ignita",1,3,26
"505","diptergr",5,4,26
"506","dipterpt",8,6,26
"507","gasterup",3,6,26
"508","hybomisc",3,1,26
"509","melitto",20,5,26
"510","mono",3,11,26
"511","Omalus.auratus",2,1,26
"512","plodia",2,7,26
"513","ptinus.pyrenaeus",2,3,26
"514","ptinus.sexp",3,4,26
"515","pyem",8,8,26
"516","sapyga",2,3,26
"517","stelis.brev",1,1,26
"518","stelis.minuta",1,1,26
"519","trichod",19,6,26
"520","Trichr..Cyanea",3,5,26
"521","anthrax",4,4,27
"522","cacox",1,5,27
"523","chaetod",2,8,27
"524","Chrysis.ignita",1,7,27
"525","diptergr",5,4,27
"526","dipterpt",8,4,27
"527","gasterup",3,2,27
"528","hybomisc",3,1,27
"529","melitto",20,2,27
"530","mono",3,2,27
"531","Omalus.auratus",2,3,27
"532","plodia",2,5,27
"533","ptinus.pyrenaeus",2,5,27
"534","ptinus.sexp",3,6,27
"535","pyem",8,8,27
"536","sapyga",2,3,27
"537","stelis.brev",1,2,27
"538","stelis.minuta",1,5,27
"539","trichod",19,6,27
"540","Trichr..Cyanea",3,5,27
"541","anthrax",4,5,28
"542","cacox",1,3,28
"543","chaetod",2,7,28
"544","Chrysis.ignita",1,3,28
"545","diptergr",5,4,28
"546","dipterpt",8,2,28
"547","gasterup",3,2,28
"548","hybomisc",3,4,28
"549","melitto",20,7,28
"550","mono",3,10,28
"551","Omalus.auratus",2,3,28
"552","plodia",2,4,28
"553","ptinus.pyrenaeus",2,2,28
"554","ptinus.sexp",3,2,28
"555","pyem",8,2,28
"556","sapyga",2,5,28
"557","stelis.brev",1,2,28
"558","stelis.minuta",1,1,28
"559","trichod",19,6,28
"560","Trichr..Cyanea",3,1,28
"561","anthrax",4,3,29
"562","cacox",1,6,29
"563","chaetod",2,6,29
"564","Chrysis.ignita",1,4,29
"565","diptergr",5,8,29
"566","dipterpt",8,4,29
"567","gasterup",3,3,29
"568","hybomisc",3,5,29
"569","melitto",20,6,29
"570","mono",3,6,29
"571","Omalus.auratus",2,1,29
"572","plodia",2,7,29
"573","ptinus.pyrenaeus",2,3,29
"574","ptinus.sexp",3,4,29
"575","pyem",8,8,29
"576","sapyga",2,6,29
"577","stelis.brev",1,2,29
"578","stelis.minuta",1,2,29
"579","trichod",19,7,29
"580","Trichr..Cyanea",3,2,29
"581","anthrax",4,6,30
"582","cacox",1,5,30
"583","chaetod",2,7,30
"584","Chrysis.ignita",1,3,30
"585","diptergr",5,3,30
"586","dipterpt",8,3,30
"587","gasterup",3,3,30
"588","hybomisc",3,3,30
"589","melitto",20,5,30
"590","mono",3,9,30
"591","Omalus.auratus",2,1,30
"592","plodia",2,10,30
"593","ptinus.pyrenaeus",2,2,30
"594","ptinus.sexp",3,2,30
"595","pyem",8,5,30
"596","sapyga",2,6,30
"597","stelis.brev",1,3,30
"598","stelis.minuta",1,2,30
"599","trichod",19,4,30
"600","Trichr..Cyanea",3,2,30
"601","anthrax",4,4,31
"602","cacox",1,4,31
"603","chaetod",2,7,31
"604","Chrysis.ignita",1,2,31
"605","diptergr",5,6,31
"606","dipterpt",8,6,31
"607","gasterup",3,2,31
"608","hybomisc",3,4,31
"609","melitto",20,8,31
"610","mono",3,9,31
"611","Omalus.auratus",2,2,31
"612","plodia",2,8,31
"613","ptinus.pyrenaeus",2,3,31
"614","ptinus.sexp",3,6,31
"615","pyem",8,5,31
"616","sapyga",2,1,31
"617","stelis.brev",1,2,31
"618","stelis.minuta",1,5,31
"619","trichod",19,5,31
"620","Trichr..Cyanea",3,4,31
"621","anthrax",4,5,32
"622","cacox",1,4,32
"623","chaetod",2,4,32
"624","Chrysis.ignita",1,3,32
"625","diptergr",5,4,32
"626","dipterpt",8,7,32
"627","gasterup",3,1,32
"628","hybomisc",3,5,32
"629","melitto",20,5,32
"630","mono",3,5,32
"631","Omalus.auratus",2,4,32
"632","plodia",2,4,32
"633","ptinus.pyrenaeus",2,6,32
"634","ptinus.sexp",3,4,32
"635","pyem",8,6,32
"636","sapyga",2,9,32
"637","stelis.brev",1,2,32
"638","stelis.minuta",1,4,32
"639","trichod",19,7,32
"640","Trichr..Cyanea",3,5,32
"641","anthrax",4,6,33
"642","cacox",1,1,33
"643","chaetod",2,5,33
"644","Chrysis.ignita",1,5,33
"645","diptergr",5,4,33
"646","dipterpt",8,5,33
"647","gasterup",3,4,33
"648","hybomisc",3,4,33
"649","melitto",20,3,33
"650","mono",3,6,33
"651","Omalus.auratus",2,3,33
"652","plodia",2,8,33
"653","ptinus.pyrenaeus",2,4,33
"654","ptinus.sexp",3,4,33
"655","pyem",8,6,33
"656","sapyga",2,2,33
"657","stelis.brev",1,1,33
"658","stelis.minuta",1,2,33
"659","trichod",19,7,33
"660","Trichr..Cyanea",3,3,33
"661","anthrax",4,5,34
"662","cacox",1,4,34
"663","chaetod",2,7,34
"664","Chrysis.ignita",1,4,34
"665","diptergr",5,3,34
"666","dipterpt",8,5,34
"667","gasterup",3,3,34
"668","hybomisc",3,5,34
"669","melitto",20,10,34
"670","mono",3,10,34
"671","Omalus.auratus",2,1,34
"672","plodia",2,7,34
"673","ptinus.pyrenaeus",2,4,34
"674","ptinus.sexp",3,3,34
"675","pyem",8,8,34
"676","sapyga",2,8,34
"677","stelis.brev",1,2,34
"678","stelis.minuta",1,5,34
"679","trichod",19,7,34
"680","Trichr..Cyanea",3,4,34
"681","anthrax",4,3,35
"682","cacox",1,3,35
"683","chaetod",2,4,35
"684","Chrysis.ignita",1,5,35
"685","diptergr",5,5,35
"686","dipterpt",8,3,35
"687","gasterup",3,1,35
"688","hybomisc",3,2,35
"689","melitto",20,8,35
"690","mono",3,7,35
"691","Omalus.auratus",2,3,35
"692","plodia",2,11,35
"693","ptinus.pyrenaeus",2,2,35
"694","ptinus.sexp",3,5,35
"695","pyem",8,6,35
"696","sapyga",2,8,35
"697","stelis.brev",1,3,35
"698","stelis.minuta",1,3,35
"699","trichod",19,5,35
"700","Trichr..Cyanea",3,3,35
"701","anthrax",4,6,36
"702","cacox",1,7,36
"703","chaetod",2,4,36
"704","Chrysis.ignita",1,1,36
"705","diptergr",5,3,36
"706","dipterpt",8,2,36
"707","gasterup",3,3,36
"708","hybomisc",3,2,36
"709","melitto",20,6,36
"710","mono",3,6,36
"711","Omalus.auratus",2,4,36
"712","plodia",2,5,36
"713","ptinus.pyrenaeus",2,1,36
"714","ptinus.sexp",3,1,36
"715","pyem",8,4,36
"716","sapyga",2,6,36
"717","stelis.brev",1,2,36
"718","stelis.minuta",1,1,36
"719","trichod",19,8,36
"720","Trichr..Cyanea",3,2,36
"721","anthrax",4,6,37
"722","cacox",1,5,37
"723","chaetod",2,4,37
"724","Chrysis.ignita",1,1,37
"725","diptergr",5,7,37
"726","dipterpt",8,5,37
"727","gasterup",3,4,37
"728","hybomisc",3,3,37
"729","melitto",20,7,37
"730","mono",3,10,37
"731","Omalus.auratus",2,5,37
"732","plodia",2,3,37
"733","ptinus.pyrenaeus",2,4,37
"734","ptinus.sexp",3,4,37
"735","pyem",8,4,37
"736","sapyga",2,6,37
"737","stelis.brev",1,5,37
"738","stelis.minuta",1,1,37
"739","trichod",19,6,37
"740","Trichr..Cyanea",3,4,37
"741","anthrax",4,2,38
"742","cacox",1,7,38
"743","chaetod",2,7,38
"744","Chrysis.ignita",1,4,38
"745","diptergr",5,11,38
"746","dipterpt",8,5,38
"747","gasterup",3,2,38
"748","hybomisc",3,7,38
"749","melitto",20,4,38
"750","mono",3,5,38
"751","Omalus.auratus",2,2,38
"752","plodia",2,7,38
"753","ptinus.pyrenaeus",2,2,38
"754","ptinus.sexp",3,7,38
"755","pyem",8,5,38
"756","sapyga",2,7,38
"757","stelis.brev",1,1,38
"758","stelis.minuta",1,1,38
"759","trichod",19,8,38
"760","Trichr..Cyanea",3,2,38
"761","anthrax",4,3,39
"762","cacox",1,1,39
"763","chaetod",2,1,39
"764","Chrysis.ignita",1,5,39
"765","diptergr",5,6,39
"766","dipterpt",8,4,39
"767","gasterup",3,3,39
"768","hybomisc",3,1,39
"769","melitto",20,7,39
"770","mono",3,6,39
"771","Omalus.auratus",2,3,39
"772","plodia",2,7,39
"773","ptinus.pyrenaeus",2,1,39
"774","ptinus.sexp",3,3,39
"775","pyem",8,9,39
"776","sapyga",2,8,39
"777","stelis.brev",1,2,39
"778","stelis.minuta",1,2,39
"779","trichod",19,10,39
"780","Trichr..Cyanea",3,1,39
"781","anthrax",4,4,40
"782","cacox",1,7,40
"783","chaetod",2,5,40
"784","Chrysis.ignita",1,6,40
"785","diptergr",5,4,40
"786","dipterpt",8,5,40
"787","gasterup",3,3,40
"788","hybomisc",3,3,40
"789","melitto",20,7,40
"790","mono",3,2,40
"791","Omalus.auratus",2,4,40
"792","plodia",2,8,40
"793","ptinus.pyrenaeus",2,5,40
"794","ptinus.sexp",3,2,40
"795","pyem",8,4,40
"796","sapyga",2,8,40
"797","stelis.brev",1,3,40
"798","stelis.minuta",1,2,40
"799","trichod",19,7,40
"800","Trichr..Cyanea",3,3,40
"801","anthrax",4,10,41
"802","cacox",1,4,41
"803","chaetod",2,5,41
"804","Chrysis.ignita",1,5,41
"805","diptergr",5,7,41
"806","dipterpt",8,7,41
"807","gasterup",3,5,41
"808","hybomisc",3,3,41
"809","melitto",20,7,41
"810","mono",3,11,41
"811","Omalus.auratus",2,3,41
"812","plodia",2,5,41
"813","ptinus.pyrenaeus",2,3,41
"814","ptinus.sexp",3,3,41
"815","pyem",8,5,41
"816","sapyga",2,9,41
"817","stelis.brev",1,2,41
"818","stelis.minuta",1,3,41
"819","trichod",19,6,41
"820","Trichr..Cyanea",3,2,41
"821","anthrax",4,7,42
"822","cacox",1,8,42
"823","chaetod",2,5,42
"824","Chrysis.ignita",1,4,42
"825","diptergr",5,4,42
"826","dipterpt",8,7,42
"827","gasterup",3,5,42
"828","hybomisc",3,6,42
"829","melitto",20,5,42
"830","mono",3,3,42
"831","Omalus.auratus",2,3,42
"832","plodia",2,6,42
"833","ptinus.pyrenaeus",2,1,42
"834","ptinus.sexp",3,4,42
"835","pyem",8,6,42
"836","sapyga",2,3,42
"837","stelis.brev",1,2,42
"838","stelis.minuta",1,2,42
"839","trichod",19,6,42
"840","Trichr..Cyanea",3,5,42
"841","anthrax",4,9,43
"842","cacox",1,6,43
"843","chaetod",2,6,43
"844","Chrysis.ignita",1,3,43
"845","diptergr",5,7,43
"846","dipterpt",8,9,43
"847","gasterup",3,2,43
"848","hybomisc",3,6,43
"849","melitto",20,9,43
"850","mono",3,6,43
"851","Omalus.auratus",2,1,43
"852","plodia",2,9,43
"853","ptinus.pyrenaeus",2,4,43
"854","ptinus.sexp",3,3,43
"855","pyem",8,8,43
"856","sapyga",2,5,43
"857","stelis.brev",1,2,43
"858","stelis.minuta",1,3,43
"859","trichod",19,9,43
"860","Trichr..Cyanea",3,3,43
"861","anthrax",4,8,44
"862","cacox",1,8,44
"863","chaetod",2,5,44
"864","Chrysis.ignita",1,7,44
"865","diptergr",5,4,44
"866","dipterpt",8,6,44
"867","gasterup",3,3,44
"868","hybomisc",3,10,44
"869","melitto",20,6,44
"870","mono",3,6,44
"871","Omalus.auratus",2,3,44
"872","plodia",2,4,44
"873","ptinus.pyrenaeus",2,6,44
"874","ptinus.sexp",3,6,44
"875","pyem",8,9,44
"876","sapyga",2,6,44
"877","stelis.brev",1,2,44
"878","stelis.minuta",1,2,44
"879","trichod",19,6,44
"880","Trichr..Cyanea",3,9,44
"881","anthrax",4,8,45
"882","cacox",1,6,45
"883","chaetod",2,7,45
"884","Chrysis.ignita",1,3,45
"885","diptergr",5,4,45
"886","dipterpt",8,8,45
"887","gasterup",3,4,45
"888","hybomisc",3,4,45
"889","melitto",20,10,45
"890","mono",3,6,45
"891","Omalus.auratus",2,4,45
"892","plodia",2,6,45
"893","ptinus.pyrenaeus",2,3,45
"894","ptinus.sexp",3,8,45
"895","pyem",8,9,45
"896","sapyga",2,8,45
"897","stelis.brev",1,3,45
"898","stelis.minuta",1,4,45
"899","trichod",19,8,45
"900","Trichr..Cyanea",3,3,45
"901","anthrax",4,6,46
"902","cacox",1,6,46
"903","chaetod",2,2,46
"904","Chrysis.ignita",1,4,46
"905","diptergr",5,6,46
"906","dipterpt",8,3,46
"907","gasterup",3,2,46
"908","hybomisc",3,5,46
"909","melitto",20,7,46
"910","mono",3,12,46
"911","Omalus.auratus",2,4,46
"912","plodia",2,5,46
"913","ptinus.pyrenaeus",2,2,46
"914","ptinus.sexp",3,2,46
"915","pyem",8,7,46
"916","sapyga",2,6,46
"917","stelis.brev",1,1,46
"918","stelis.minuta",1,1,46
"919","trichod",19,6,46
"920","Trichr..Cyanea",3,3,46
"921","anthrax",4,4,47
"922","cacox",1,3,47
"923","chaetod",2,8,47
"924","Chrysis.ignita",1,3,47
"925","diptergr",5,7,47
"926","dipterpt",8,11,47
"927","gasterup",3,3,47
"928","hybomisc",3,3,47
"929","melitto",20,6,47
"930","mono",3,5,47
"931","Omalus.auratus",2,3,47
"932","plodia",2,6,47
"933","ptinus.pyrenaeus",2,3,47
"934","ptinus.sexp",3,3,47
"935","pyem",8,4,47
"936","sapyga",2,4,47
"937","stelis.brev",1,3,47
"938","stelis.minuta",1,4,47
"939","trichod",19,8,47
"940","Trichr..Cyanea",3,3,47
"941","anthrax",4,4,48
"942","cacox",1,2,48
"943","chaetod",2,7,48
"944","Chrysis.ignita",1,5,48
"945","diptergr",5,7,48
"946","dipterpt",8,4,48
"947","gasterup",3,2,48
"948","hybomisc",3,6,48
"949","melitto",20,7,48
"950","mono",3,11,48
"951","Omalus.auratus",2,1,48
"952","plodia",2,7,48
"953","ptinus.pyrenaeus",2,3,48
"954","ptinus.sexp",3,5,48
"955","pyem",8,9,48
"956","sapyga",2,4,48
"957","stelis.brev",1,1,48
"958","stelis.minuta",1,2,48
"959","trichod",19,4,48
"960","Trichr..Cyanea",3,5,48
"961","anthrax",4,8,49
"962","cacox",1,2,49
"963","chaetod",2,9,49
"964","Chrysis.ignita",1,6,49
"965","diptergr",5,6,49
"966","dipterpt",8,6,49
"967","gasterup",3,7,49
"968","hybomisc",3,5,49
"969","melitto",20,7,49
"970","mono",3,8,49
"971","Omalus.auratus",2,3,49
"972","plodia",2,4,49
"973","ptinus.pyrenaeus",2,4,49
"974","ptinus.sexp",3,4,49
"975","pyem",8,6,49
"976","sapyga",2,9,49
"977","stelis.brev",1,3,49
"978","stelis.minuta",1,1,49
"979","trichod",19,4,49
"980","Trichr..Cyanea",3,3,49
"981","anthrax",4,5,50
"982","cacox",1,5,50
"983","chaetod",2,6,50
"984","Chrysis.ignita",1,5,50
"985","diptergr",5,7,50
"986","dipterpt",8,8,50
"987","gasterup",3,6,50
"988","hybomisc",3,6,50
"989","melitto",20,3,50
"990","mono",3,9,50
"991","Omalus.auratus",2,3,50
"992","plodia",2,10,50
"993","ptinus.pyrenaeus",2,3,50
"994","ptinus.sexp",3,4,50
"995","pyem",8,9,50
"996","sapyga",2,7,50
"997","stelis.brev",1,2,50
"998","stelis.minuta",1,4,50
"999","trichod",19,5,50
"1000","Trichr..Cyanea",3,1,50
"1001","anthrax",4,8,51
"1002","cacox",1,3,51
"1003","chaetod",2,7,51
"1004","Chrysis.ignita",1,5,51
"1005","diptergr",5,7,51
"1006","dipterpt",8,2,51
"1007","gasterup",3,3,51
"1008","hybomisc",3,3,51
"1009","melitto",20,8,51
"1010","mono",3,6,51
"1011","Omalus.auratus",2,1,51
"1012","plodia",2,4,51
"1013","ptinus.pyrenaeus",2,4,51
"1014","ptinus.sexp",3,3,51
"1015","pyem",8,6,51
"1016","sapyga",2,3,51
"1017","stelis.brev",1,4,51
"1018","stelis.minuta",1,3,51
"1019","trichod",19,6,51
"1020","Trichr..Cyanea",3,2,51
"1021","anthrax",4,5,52
"1022","cacox",1,4,52
"1023","chaetod",2,6,52
"1024","Chrysis.ignita",1,4,52
"1025","diptergr",5,9,52
"1026","dipterpt",8,8,52
"1027","gasterup",3,1,52
"1028","hybomisc",3,2,52
"1029","melitto",20,9,52
"1030","mono",3,14,52
"1031","Omalus.auratus",2,3,52
"1032","plodia",2,5,52
"1033","ptinus.pyrenaeus",2,1,52
"1034","ptinus.sexp",3,4,52
"1035","pyem",8,8,52
"1036","sapyga",2,4,52
"1037","stelis.brev",1,3,52
"1038","stelis.minuta",1,2,52
"1039","trichod",19,3,52
"1040","Trichr..Cyanea",3,3,52
"1041","anthrax",4,6,53
"1042","cacox",1,2,53
"1043","chaetod",2,6,53
"1044","Chrysis.ignita",1,3,53
"1045","diptergr",5,7,53
"1046","dipterpt",8,5,53
"1047","gasterup",3,3,53
"1048","hybomisc",3,5,53
"1049","melitto",20,6,53
"1050","mono",3,9,53
"1051","Omalus.auratus",2,3,53
"1052","plodia",2,9,53
"1053","ptinus.pyrenaeus",2,4,53
"1054","ptinus.sexp",3,3,53
"1055","pyem",8,8,53
"1056","sapyga",2,2,53
"1057","stelis.brev",1,2,53
"1058","stelis.minuta",1,3,53
"1059","trichod",19,6,53
"1060","Trichr..Cyanea",3,4,53
"1061","anthrax",4,7,54
"1062","cacox",1,4,54
"1063","chaetod",2,8,54
"1064","Chrysis.ignita",1,1,54
"1065","diptergr",5,7,54
"1066","dipterpt",8,1,54
"1067","gasterup",3,5,54
"1068","hybomisc",3,3,54
"1069","melitto",20,7,54
"1070","mono",3,6,54
"1071","Omalus.auratus",2,3,54
"1072","plodia",2,8,54
"1073","ptinus.pyrenaeus",2,5,54
"1074","ptinus.sexp",3,4,54
"1075","pyem",8,9,54
"1076","sapyga",2,7,54
"1077","stelis.brev",1,1,54
"1078","stelis.minuta",1,1,54
"1079","trichod",19,9,54
"1080","Trichr..Cyanea",3,5,54
"1081","anthrax",4,8,55
"1082","cacox",1,1,55
"1083","chaetod",2,2,55
"1084","Chrysis.ignita",1,5,55
"1085","diptergr",5,4,55
"1086","dipterpt",8,3,55
"1087","gasterup",3,3,55
"1088","hybomisc",3,4,55
"1089","melitto",20,12,55
"1090","mono",3,6,55
"1091","Omalus.auratus",2,5,55
"1092","plodia",2,8,55
"1093","ptinus.pyrenaeus",2,2,55
"1094","ptinus.sexp",3,2,55
"1095","pyem",8,3,55
"1096","sapyga",2,8,55
"1097","stelis.brev",1,1,55
"1098","stelis.minuta",1,3,55
"1099","trichod",19,5,55
"1100","Trichr..Cyanea",3,3,55
"1101","anthrax",4,7,56
"1102","cacox",1,3,56
"1103","chaetod",2,8,56
"1104","Chrysis.ignita",1,6,56
"1105","diptergr",5,7,56
"1106","dipterpt",8,4,56
"1107","gasterup",3,3,56
"1108","hybomisc",3,1,56
"1109","melitto",20,6,56
"1110","mono",3,8,56
"1111","Omalus.auratus",2,4,56
"1112","plodia",2,5,56
"1113","ptinus.pyrenaeus",2,4,56
"1114","ptinus.sexp",3,4,56
"1115","pyem",8,4,56
"1116","sapyga",2,7,56
"1117","stelis.brev",1,6,56
"1118","stelis.minuta",1,1,56
"1119","trichod",19,6,56
"1120","Trichr..Cyanea",3,2,56
"1121","anthrax",4,4,57
"1122","cacox",1,5,57
"1123","chaetod",2,4,57
"1124","Chrysis.ignita",1,7,57
"1125","diptergr",5,6,57
"1126","dipterpt",8,4,57
"1127","gasterup",3,4,57
"1128","hybomisc",3,7,57
"1129","melitto",20,6,57
"1130","mono",3,11,57
"1131","Omalus.auratus",2,1,57
"1132","plodia",2,3,57
"1133","ptinus.pyrenaeus",2,4,57
"1134","ptinus.sexp",3,3,57
"1135","pyem",8,5,57
"1136","sapyga",2,7,57
"1137","stelis.brev",1,1,57
"1138","stelis.minuta",1,2,57
"1139","trichod",19,6,57
"1140","Trichr..Cyanea",3,3,57
"1141","anthrax",4,5,58
"1142","cacox",1,6,58
"1143","chaetod",2,3,58
"1144","Chrysis.ignita",1,6,58
"1145","diptergr",5,8,58
"1146","dipterpt",8,4,58
"1147","gasterup",3,5,58
"1148","hybomisc",3,2,58
"1149","melitto",20,5,58
"1150","mono",3,8,58
"1151","Omalus.auratus",2,4,58
"1152","plodia",2,8,58
"1153","ptinus.pyrenaeus",2,1,58
"1154","ptinus.sexp",3,3,58
"1155","pyem",8,10,58
"1156","sapyga",2,5,58
"1157","stelis.brev",1,2,58
"1158","stelis.minuta",1,5,58
"1159","trichod",19,6,58
"1160","Trichr..Cyanea",3,4,58
"1161","anthrax",4,4,59
"1162","cacox",1,5,59
"1163","chaetod",2,9,59
"1164","Chrysis.ignita",1,3,59
"1165","diptergr",5,5,59
"1166","dipterpt",8,4,59
"1167","gasterup",3,3,59
"1168","hybomisc",3,4,59
"1169","melitto",20,7,59
"1170","mono",3,6,59
"1171","Omalus.auratus",2,1,59
"1172","plodia",2,4,59
"1173","ptinus.pyrenaeus",2,3,59
"1174","ptinus.sexp",3,4,59
"1175","pyem",8,1,59
"1176","sapyga",2,6,59
"1177","stelis.brev",1,5,59
"1178","stelis.minuta",1,1,59
"1179","trichod",19,7,59
"1180","Trichr..Cyanea",3,1,59
"1181","anthrax",4,7,60
"1182","cacox",1,6,60
"1183","chaetod",2,3,60
"1184","Chrysis.ignita",1,4,60
"1185","diptergr",5,7,60
"1186","dipterpt",8,5,60
"1187","gasterup",3,4,60
"1188","hybomisc",3,8,60
"1189","melitto",20,4,60
"1190","mono",3,4,60
"1191","Omalus.auratus",2,3,60
"1192","plodia",2,8,60
"1193","ptinus.pyrenaeus",2,5,60
"1194","ptinus.sexp",3,5,60
"1195","pyem",8,3,60
"1196","sapyga",2,5,60
"1197","stelis.brev",1,3,60
"1198","stelis.minuta",1,1,60
"1199","trichod",19,6,60
"1200","Trichr..Cyanea",3,3,60
"1201","anthrax",4,6,61
"1202","cacox",1,6,61
"1203","chaetod",2,7,61
"1204","Chrysis.ignita",1,5,61
"1205","diptergr",5,9,61
"1206","dipterpt",8,6,61
"1207","gasterup",3,1,61
"1208","hybomisc",3,4,61
"1209","melitto",20,10,61
"1210","mono",3,8,61
"1211","Omalus.auratus",2,3,61
"1212","plodia",2,3,61
"1213","ptinus.pyrenaeus",2,1,61
"1214","ptinus.sexp",3,5,61
"1215","pyem",8,11,61
"1216","sapyga",2,5,61
"1217","stelis.brev",1,2,61
"1218","stelis.minuta",1,3,61
"1219","trichod",19,7,61
"1220","Trichr..Cyanea",3,2,61
"1221","anthrax",4,3,62
"1222","cacox",1,6,62
"1223","chaetod",2,6,62
"1224","Chrysis.ignita",1,6,62
"1225","diptergr",5,4,62
"1226","dipterpt",8,3,62
"1227","gasterup",3,5,62
"1228","hybomisc",3,2,62
"1229","melitto",20,9,62
"1230","mono",3,4,62
"1231","Omalus.auratus",2,3,62
"1232","plodia",2,6,62
"1233","ptinus.pyrenaeus",2,4,62
"1234","ptinus.sexp",3,6,62
"1235","pyem",8,10,62
"1236","sapyga",2,2,62
"1237","stelis.brev",1,1,62
"1238","stelis.minuta",1,2,62
"1239","trichod",19,10,62
"1240","Trichr..Cyanea",3,5,62
"1241","anthrax",4,3,63
"1242","cacox",1,6,63
"1243","chaetod",2,10,63
"1244","Chrysis.ignita",1,6,63
"1245","diptergr",5,5,63
"1246","dipterpt",8,5,63
"1247","gasterup",3,5,63
"1248","hybomisc",3,3,63
"1249","melitto",20,5,63
"1250","mono",3,11,63
"1251","Omalus.auratus",2,2,63
"1252","plodia",2,6,63
"1253","ptinus.pyrenaeus",2,3,63
"1254","ptinus.sexp",3,2,63
"1255","pyem",8,8,63
"1256","sapyga",2,4,63
"1257","stelis.brev",1,1,63
"1258","stelis.minuta",1,1,63
"1259","trichod",19,5,63
"1260","Trichr..Cyanea",3,2,63
"1261","anthrax",4,6,64
"1262","cacox",1,7,64
"1263","chaetod",2,5,64
"1264","Chrysis.ignita",1,3,64
"1265","diptergr",5,4,64
"1266","dipterpt",8,2,64
"1267","gasterup",3,3,64
"1268","hybomisc",3,4,64
"1269","melitto",20,8,64
"1270","mono",3,4,64
"1271","Omalus.auratus",2,1,64
"1272","plodia",2,5,64
"1273","ptinus.pyrenaeus",2,3,64
"1274","ptinus.sexp",3,4,64
"1275","pyem",8,9,64
"1276","sapyga",2,6,64
"1277","stelis.brev",1,2,64
"1278","stelis.minuta",1,1,64
"1279","trichod",19,3,64
"1280","Trichr..Cyanea",3,4,64
"1281","anthrax",4,6,65
"1282","cacox",1,4,65
"1283","chaetod",2,4,65
"1284","Chrysis.ignita",1,4,65
"1285","diptergr",5,5,65
"1286","dipterpt",8,6,65
"1287","gasterup",3,2,65
"1288","hybomisc",3,4,65
"1289","melitto",20,4,65
"1290","mono",3,6,65
"1291","Omalus.auratus",2,1,65
"1292","plodia",2,4,65
"1293","ptinus.pyrenaeus",2,3,65
"1294","ptinus.sexp",3,5,65
"1295","pyem",8,9,65
"1296","sapyga",2,4,65
"1297","stelis.brev",1,1,65
"1298","stelis.minuta",1,1,65
"1299","trichod",19,6,65
"1300","Trichr..Cyanea",3,4,65
"1301","anthrax",4,6,66
"1302","cacox",1,1,66
"1303","chaetod",2,5,66
"1304","Chrysis.ignita",1,4,66
"1305","diptergr",5,2,66
"1306","dipterpt",8,4,66
"1307","gasterup",3,4,66
"1308","hybomisc",3,2,66
"1309","melitto",20,11,66
"1310","mono",3,12,66
"1311","Omalus.auratus",2,1,66
"1312","plodia",2,5,66
"1313","ptinus.pyrenaeus",2,3,66
"1314","ptinus.sexp",3,3,66
"1315","pyem",8,9,66
"1316","sapyga",2,9,66
"1317","stelis.brev",1,1,66
"1318","stelis.minuta",1,1,66
"1319","trichod",19,6,66
"1320","Trichr..Cyanea",3,3,66
"1321","anthrax",4,5,67
"1322","cacox",1,4,67
"1323","chaetod",2,5,67
"1324","Chrysis.ignita",1,5,67
"1325","diptergr",5,5,67
"1326","dipterpt",8,7,67
"1327","gasterup",3,4,67
"1328","hybomisc",3,3,67
"1329","melitto",20,5,67
"1330","mono",3,8,67
"1331","Omalus.auratus",2,1,67
"1332","plodia",2,5,67
"1333","ptinus.pyrenaeus",2,3,67
"1334","ptinus.sexp",3,3,67
"1335","pyem",8,6,67
"1336","sapyga",2,2,67
"1337","stelis.brev",1,1,67
"1338","stelis.minuta",1,3,67
"1339","trichod",19,6,67
"1340","Trichr..Cyanea",3,5,67
"1341","anthrax",4,6,68
"1342","cacox",1,3,68
"1343","chaetod",2,6,68
"1344","Chrysis.ignita",1,8,68
"1345","diptergr",5,6,68
"1346","dipterpt",8,3,68
"1347","gasterup",3,1,68
"1348","hybomisc",3,4,68
"1349","melitto",20,9,68
"1350","mono",3,5,68
"1351","Omalus.auratus",2,1,68
"1352","plodia",2,7,68
"1353","ptinus.pyrenaeus",2,2,68
"1354","ptinus.sexp",3,6,68
"1355","pyem",8,7,68
"1356","sapyga",2,4,68
"1357","stelis.brev",1,2,68
"1358","stelis.minuta",1,1,68
"1359","trichod",19,5,68
"1360","Trichr..Cyanea",3,7,68
"1361","anthrax",4,6,69
"1362","cacox",1,3,69
"1363","chaetod",2,6,69
"1364","Chrysis.ignita",1,7,69
"1365","diptergr",5,4,69
"1366","dipterpt",8,7,69
"1367","gasterup",3,5,69
"1368","hybomisc",3,2,69
"1369","melitto",20,6,69
"1370","mono",3,7,69
"1371","Omalus.auratus",2,4,69
"1372","plodia",2,4,69
"1373","ptinus.pyrenaeus",2,3,69
"1374","ptinus.sexp",3,3,69
"1375","pyem",8,6,69
"1376","sapyga",2,8,69
"1377","stelis.brev",1,1,69
"1378","stelis.minuta",1,5,69
"1379","trichod",19,10,69
"1380","Trichr..Cyanea",3,5,69
"1381","anthrax",4,5,70
"1382","cacox",1,4,70
"1383","chaetod",2,9,70
"1384","Chrysis.ignita",1,5,70
"1385","diptergr",5,8,70
"1386","dipterpt",8,4,70
"1387","gasterup",3,3,70
"1388","hybomisc",3,3,70
"1389","melitto",20,9,70
"1390","mono",3,12,70
"1391","Omalus.auratus",2,4,70
"1392","plodia",2,3,70
"1393","ptinus.pyrenaeus",2,5,70
"1394","ptinus.sexp",3,5,70
"1395","pyem",8,4,70
"1396","sapyga",2,2,70
"1397","stelis.brev",1,3,70
"1398","stelis.minuta",1,2,70
"1399","trichod",19,8,70
"1400","Trichr..Cyanea",3,3,70
"1401","anthrax",4,8,71
"1402","cacox",1,9,71
"1403","chaetod",2,2,71
"1404","Chrysis.ignita",1,1,71
"1405","diptergr",5,4,71
"1406","dipterpt",8,6,71
"1407","gasterup",3,5,71
"1408","hybomisc",3,4,71
"1409","melitto",20,9,71
"1410","mono",3,7,71
"1411","Omalus.auratus",2,2,71
"1412","plodia",2,4,71
"1413","ptinus.pyrenaeus",2,4,71
"1414","ptinus.sexp",3,4,71
"1415","pyem",8,5,71
"1416","sapyga",2,6,71
"1417","stelis.brev",1,1,71
"1418","stelis.minuta",1,2,71
"1419","trichod",19,6,71
"1420","Trichr..Cyanea",3,3,71
"1421","anthrax",4,7,72
"1422","cacox",1,6,72
"1423","chaetod",2,2,72
"1424","Chrysis.ignita",1,5,72
"1425","diptergr",5,8,72
"1426","dipterpt",8,6,72
"1427","gasterup",3,4,72
"1428","hybomisc",3,3,72
"1429","melitto",20,8,72
"1430","mono",3,4,72
"1431","Omalus.auratus",2,6,72
"1432","plodia",2,8,72
"1433","ptinus.pyrenaeus",2,2,72
"1434","ptinus.sexp",3,1,72
"1435","pyem",8,5,72
"1436","sapyga",2,4,72
"1437","stelis.brev",1,2,72
"1438","stelis.minuta",1,2,72
"1439","trichod",19,7,72
"1440","Trichr..Cyanea",3,4,72
"1441","anthrax",4,2,73
"1442","cacox",1,8,73
"1443","chaetod",2,10,73
"1444","Chrysis.ignita",1,4,73
"1445","diptergr",5,5,73
"1446","dipterpt",8,5,73
"1447","gasterup",3,5,73
"1448","hybomisc",3,3,73
"1449","melitto",20,9,73
"1450","mono",3,6,73
"1451","Omalus.auratus",2,3,73
"1452","plodia",2,2,73
"1453","ptinus.pyrenaeus",2,3,73
"1454","ptinus.sexp",3,3,73
"1455","pyem",8,7,73
"1456","sapyga",2,8,73
"1457","stelis.brev",1,1,73
"1458","stelis.minuta",1,3,73
"1459","trichod",19,5,73
"1460","Trichr..Cyanea",3,4,73
"1461","anthrax",4,3,74
"1462","cacox",1,5,74
"1463","chaetod",2,5,74
"1464","Chrysis.ignita",1,6,74
"1465","diptergr",5,10,74
"1466","dipterpt",8,3,74
"1467","gasterup",3,2,74
"1468","hybomisc",3,1,74
"1469","melitto",20,9,74
"1470","mono",3,6,74
"1471","Omalus.auratus",2,2,74
"1472","plodia",2,6,74
"1473","ptinus.pyrenaeus",2,3,74
"1474","ptinus.sexp",3,3,74
"1475","pyem",8,7,74
"1476","sapyga",2,4,74
"1477","stelis.brev",1,4,74
"1478","stelis.minuta",1,1,74
"1479","trichod",19,7,74
"1480","Trichr..Cyanea",3,4,74
"1481","anthrax",4,5,75
"1482","cacox",1,3,75
"1483","chaetod",2,9,75
"1484","Chrysis.ignita",1,4,75
"1485","diptergr",5,9,75
"1486","dipterpt",8,6,75
"1487","gasterup",3,3,75
"1488","hybomisc",3,5,75
"1489","melitto",20,4,75
"1490","mono",3,4,75
"1491","Omalus.auratus",2,5,75
"1492","plodia",2,6,75
"1493","ptinus.pyrenaeus",2,4,75
"1494","ptinus.sexp",3,4,75
"1495","pyem",8,10,75
"1496","sapyga",2,8,75
"1497","stelis.brev",1,1,75
"1498","stelis.minuta",1,1,75
"1499","trichod",19,7,75
"1500","Trichr..Cyanea",3,3,75
"1501","anthrax",4,7,76
"1502","cacox",1,3,76
"1503","chaetod",2,3,76
"1504","Chrysis.ignita",1,6,76
"1505","diptergr",5,8,76
"1506","dipterpt",8,1,76
"1507","gasterup",3,3,76
"1508","hybomisc",3,4,76
"1509","melitto",20,7,76
"1510","mono",3,7,76
"1511","Omalus.auratus",2,1,76
"1512","plodia",2,3,76
"1513","ptinus.pyrenaeus",2,1,76
"1514","ptinus.sexp",3,4,76
"1515","pyem",8,4,76
"1516","sapyga",2,7,76
"1517","stelis.brev",1,4,76
"1518","stelis.minuta",1,2,76
"1519","trichod",19,10,76
"1520","Trichr..Cyanea",3,3,76
"1521","anthrax",4,1,77
"1522","cacox",1,7,77
"1523","chaetod",2,3,77
"1524","Chrysis.ignita",1,5,77
"1525","diptergr",5,6,77
"1526","dipterpt",8,2,77
"1527","gasterup",3,4,77
"1528","hybomisc",3,4,77
"1529","melitto",20,5,77
"1530","mono",3,3,77
"1531","Omalus.auratus",2,1,77
"1532","plodia",2,5,77
"1533","ptinus.pyrenaeus",2,3,77
"1534","ptinus.sexp",3,5,77
"1535","pyem",8,6,77
"1536","sapyga",2,7,77
"1537","stelis.brev",1,5,77
"1538","stelis.minuta",1,3,77
"1539","trichod",19,10,77
"1540","Trichr..Cyanea",3,4,77
"1541","anthrax",4,7,78
"1542","cacox",1,4,78
"1543","chaetod",2,5,78
"1544","Chrysis.ignita",1,5,78
"1545","diptergr",5,8,78
"1546","dipterpt",8,3,78
"1547","gasterup",3,4,78
"1548","hybomisc",3,6,78
"1549","melitto",20,9,78
"1550","mono",3,7,78
"1551","Omalus.auratus",2,5,78
"1552","plodia",2,6,78
"1553","ptinus.pyrenaeus",2,3,78
"1554","ptinus.sexp",3,4,78
"1555","pyem",8,8,78
"1556","sapyga",2,4,78
"1557","stelis.brev",1,1,78
"1558","stelis.minuta",1,1,78
"1559","trichod",19,3,78
"1560","Trichr..Cyanea",3,2,78
"1561","anthrax",4,5,79
"1562","cacox",1,6,79
"1563","chaetod",2,4,79
"1564","Chrysis.ignita",1,1,79
"1565","diptergr",5,1,79
"1566","dipterpt",8,6,79
"1567","gasterup",3,7,79
"1568","hybomisc",3,4,79
"1569","melitto",20,6,79
"1570","mono",3,5,79
"1571","Omalus.auratus",2,1,79
"1572","plodia",2,9,79
"1573","ptinus.pyrenaeus",2,1,79
"1574","ptinus.sexp",3,4,79
"1575","pyem",8,6,79
"1576","sapyga",2,5,79
"1577","stelis.brev",1,4,79
"1578","stelis.minuta",1,3,79
"1579","trichod",19,6,79
"1580","Trichr..Cyanea",3,6,79
"1581","anthrax",4,6,80
"1582","cacox",1,4,80
"1583","chaetod",2,4,80
"1584","Chrysis.ignita",1,3,80
"1585","diptergr",5,3,80
"1586","dipterpt",8,7,80
"1587","gasterup",3,4,80
"1588","hybomisc",3,5,80
"1589","melitto",20,4,80
"1590","mono",3,10,80
"1591","Omalus.auratus",2,3,80
"1592","plodia",2,5,80
"1593","ptinus.pyrenaeus",2,4,80
"1594","ptinus.sexp",3,4,80
"1595","pyem",8,5,80
"1596","sapyga",2,7,80
"1597","stelis.brev",1,3,80
"1598","stelis.minuta",1,1,80
"1599","trichod",19,8,80
"1600","Trichr..Cyanea",3,5,80
"1601","anthrax",4,4,81
"1602","cacox",1,3,81
"1603","chaetod",2,6,81
"1604","Chrysis.ignita",1,5,81
"1605","diptergr",5,12,81
"1606","dipterpt",8,9,81
"1607","gasterup",3,2,81
"1608","hybomisc",3,2,81
"1609","melitto",20,8,81
"1610","mono",3,6,81
"1611","Omalus.auratus",2,1,81
"1612","plodia",2,1,81
"1613","ptinus.pyrenaeus",2,1,81
"1614","ptinus.sexp",3,5,81
"1615","pyem",8,7,81
"1616","sapyga",2,7,81
"1617","stelis.brev",1,1,81
"1618","stelis.minuta",1,1,81
"1619","trichod",19,7,81
"1620","Trichr..Cyanea",3,1,81
"1621","anthrax",4,2,82
"1622","cacox",1,6,82
"1623","chaetod",2,9,82
"1624","Chrysis.ignita",1,7,82
"1625","diptergr",5,9,82
"1626","dipterpt",8,2,82
"1627","gasterup",3,3,82
"1628","hybomisc",3,9,82
"1629","melitto",20,7,82
"1630","mono",3,9,82
"1631","Omalus.auratus",2,4,82
"1632","plodia",2,4,82
"1633","ptinus.pyrenaeus",2,4,82
"1634","ptinus.sexp",3,3,82
"1635","pyem",8,6,82
"1636","sapyga",2,6,82
"1637","stelis.brev",1,3,82
"1638","stelis.minuta",1,3,82
"1639","trichod",19,6,82
"1640","Trichr..Cyanea",3,4,82
"1641","anthrax",4,1,83
"1642","cacox",1,8,83
"1643","chaetod",2,7,83
"1644","Chrysis.ignita",1,5,83
"1645","diptergr",5,11,83
"1646","dipterpt",8,6,83
"1647","gasterup",3,2,83
"1648","hybomisc",3,5,83
"1649","melitto",20,5,83
"1650","mono",3,4,83
"1651","Omalus.auratus",2,4,83
"1652","plodia",2,9,83
"1653","ptinus.pyrenaeus",2,4,83
"1654","ptinus.sexp",3,5,83
"1655","pyem",8,6,83
"1656","sapyga",2,10,83
"1657","stelis.brev",1,4,83
"1658","stelis.minuta",1,3,83
"1659","trichod",19,8,83
"1660","Trichr..Cyanea",3,2,83
"1661","anthrax",4,8,84
"1662","cacox",1,3,84
"1663","chaetod",2,5,84
"1664","Chrysis.ignita",1,4,84
"1665","diptergr",5,4,84
"1666","dipterpt",8,5,84
"1667","gasterup",3,6,84
"1668","hybomisc",3,3,84
"1669","melitto",20,4,84
"1670","mono",3,10,84
"1671","Omalus.auratus",2,2,84
"1672","plodia",2,7,84
"1673","ptinus.pyrenaeus",2,4,84
"1674","ptinus.sexp",3,5,84
"1675","pyem",8,9,84
"1676","sapyga",2,3,84
"1677","stelis.brev",1,4,84
"1678","stelis.minuta",1,2,84
"1679","trichod",19,8,84
"1680","Trichr..Cyanea",3,2,84
"1681","anthrax",4,4,85
"1682","cacox",1,6,85
"1683","chaetod",2,5,85
"1684","Chrysis.ignita",1,3,85
"1685","diptergr",5,3,85
"1686","dipterpt",8,2,85
"1687","gasterup",3,3,85
"1688","hybomisc",3,2,85
"1689","melitto",20,6,85
"1690","mono",3,7,85
"1691","Omalus.auratus",2,2,85
"1692","plodia",2,4,85
"1693","ptinus.pyrenaeus",2,1,85
"1694","ptinus.sexp",3,3,85
"1695","pyem",8,8,85
"1696","sapyga",2,3,85
"1697","stelis.brev",1,5,85
"1698","stelis.minuta",1,1,85
"1699","trichod",19,7,85
"1700","Trichr..Cyanea",3,3,85
"1701","anthrax",4,6,86
"1702","cacox",1,5,86
"1703","chaetod",2,4,86
"1704","Chrysis.ignita",1,5,86
"1705","diptergr",5,8,86
"1706","dipterpt",8,1,86
"1707","gasterup",3,6,86
"1708","hybomisc",3,6,86
"1709","melitto",20,7,86
"1710","mono",3,9,86
"1711","Omalus.auratus",2,4,86
"1712","plodia",2,5,86
"1713","ptinus.pyrenaeus",2,1,86
"1714","ptinus.sexp",3,4,86
"1715","pyem",8,6,86
"1716","sapyga",2,3,86
"1717","stelis.brev",1,2,86
"1718","stelis.minuta",1,2,86
"1719","trichod",19,7,86
"1720","Trichr..Cyanea",3,2,86
"1721","anthrax",4,6,87
"1722","cacox",1,4,87
"1723","chaetod",2,3,87
"1724","Chrysis.ignita",1,3,87
"1725","diptergr",5,6,87
"1726","dipterpt",8,8,87
"1727","gasterup",3,3,87
"1728","hybomisc",3,3,87
"1729","melitto",20,4,87
"1730","mono",3,9,87
"1731","Omalus.auratus",2,1,87
"1732","plodia",2,8,87
"1733","ptinus.pyrenaeus",2,6,87
"1734","ptinus.sexp",3,2,87
"1735","pyem",8,3,87
"1736","sapyga",2,8,87
"1737","stelis.brev",1,1,87
"1738","stelis.minuta",1,1,87
"1739","trichod",19,9,87
"1740","Trichr..Cyanea",3,4,87
"1741","anthrax",4,5,88
"1742","cacox",1,10,88
"1743","chaetod",2,8,88
"1744","Chrysis.ignita",1,3,88
"1745","diptergr",5,3,88
"1746","dipterpt",8,4,88
"1747","gasterup",3,3,88
"1748","hybomisc",3,5,88
"1749","melitto",20,2,88
"1750","mono",3,5,88
"1751","Omalus.auratus",2,4,88
"1752","plodia",2,3,88
"1753","ptinus.pyrenaeus",2,2,88
"1754","ptinus.sexp",3,4,88
"1755","pyem",8,4,88
"1756","sapyga",2,5,88
"1757","stelis.brev",1,5,88
"1758","stelis.minuta",1,1,88
"1759","trichod",19,4,88
"1760","Trichr..Cyanea",3,2,88
"1761","anthrax",4,7,89
"1762","cacox",1,7,89
"1763","chaetod",2,7,89
"1764","Chrysis.ignita",1,5,89
"1765","diptergr",5,7,89
"1766","dipterpt",8,6,89
"1767","gasterup",3,4,89
"1768","hybomisc",3,1,89
"1769","melitto",20,10,89
"1770","mono",3,7,89
"1771","Omalus.auratus",2,1,89
"1772","plodia",2,8,89
"1773","ptinus.pyrenaeus",2,4,89
"1774","ptinus.sexp",3,5,89
"1775","pyem",8,6,89
"1776","sapyga",2,5,89
"1777","stelis.brev",1,2,89
"1778","stelis.minuta",1,1,89
"1779","trichod",19,6,89
"1780","Trichr..Cyanea",3,1,89
"1781","anthrax",4,3,90
"1782","cacox",1,4,90
"1783","chaetod",2,8,90
"1784","Chrysis.ignita",1,5,90
"1785","diptergr",5,8,90
"1786","dipterpt",8,8,90
"1787","gasterup",3,6,90
"1788","hybomisc",3,3,90
"1789","melitto",20,6,90
"1790","mono",3,8,90
"1791","Omalus.auratus",2,1,90
"1792","plodia",2,8,90
"1793","ptinus.pyrenaeus",2,4,90
"1794","ptinus.sexp",3,3,90
"1795","pyem",8,7,90
"1796","sapyga",2,4,90
"1797","stelis.brev",1,3,90
"1798","stelis.minuta",1,4,90
"1799","trichod",19,10,90
"1800","Trichr..Cyanea",3,2,90
"1801","anthrax",4,9,91
"1802","cacox",1,8,91
"1803","chaetod",2,10,91
"1804","Chrysis.ignita",1,5,91
"1805","diptergr",5,7,91
"1806","dipterpt",8,3,91
"1807","gasterup",3,3,91
"1808","hybomisc",3,6,91
"1809","melitto",20,3,91
"1810","mono",3,4,91
"1811","Omalus.auratus",2,1,91
"1812","plodia",2,4,91
"1813","ptinus.pyrenaeus",2,4,91
"1814","ptinus.sexp",3,4,91
"1815","pyem",8,5,91
"1816","sapyga",2,4,91
"1817","stelis.brev",1,2,91
"1818","stelis.minuta",1,2,91
"1819","trichod",19,10,91
"1820","Trichr..Cyanea",3,1,91
"1821","anthrax",4,7,92
"1822","cacox",1,5,92
"1823","chaetod",2,4,92
"1824","Chrysis.ignita",1,3,92
"1825","diptergr",5,8,92
"1826","dipterpt",8,5,92
"1827","gasterup",3,2,92
"1828","hybomisc",3,4,92
"1829","melitto",20,7,92
"1830","mono",3,7,92
"1831","Omalus.auratus",2,5,92
"1832","plodia",2,3,92
"1833","ptinus.pyrenaeus",2,5,92
"1834","ptinus.sexp",3,2,92
"1835","pyem",8,7,92
"1836","sapyga",2,6,92
"1837","stelis.brev",1,2,92
"1838","stelis.minuta",1,3,92
"1839","trichod",19,10,92
"1840","Trichr..Cyanea",3,5,92
"1841","anthrax",4,7,93
"1842","cacox",1,4,93
"1843","chaetod",2,3,93
"1844","Chrysis.ignita",1,4,93
"1845","diptergr",5,5,93
"1846","dipterpt",8,5,93
"1847","gasterup",3,2,93
"1848","hybomisc",3,6,93
"1849","melitto",20,10,93
"1850","mono",3,9,93
"1851","Omalus.auratus",2,2,93
"1852","plodia",2,6,93
"1853","ptinus.pyrenaeus",2,2,93
"1854","ptinus.sexp",3,2,93
"1855","pyem",8,8,93
"1856","sapyga",2,7,93
"1857","stelis.brev",1,5,93
"1858","stelis.minuta",1,3,93
"1859","trichod",19,4,93
"1860","Trichr..Cyanea",3,1,93
"1861","anthrax",4,4,94
"1862","cacox",1,8,94
"1863","chaetod",2,8,94
"1864","Chrysis.ignita",1,3,94
"1865","diptergr",5,10,94
"1866","dipterpt",8,4,94
"1867","gasterup",3,2,94
"1868","hybomisc",3,4,94
"1869","melitto",20,7,94
"1870","mono",3,7,94
"1871","Omalus.auratus",2,4,94
"1872","plodia",2,6,94
"1873","ptinus.pyrenaeus",2,4,94
"1874","ptinus.sexp",3,5,94
"1875","pyem",8,5,94
"1876","sapyga",2,8,94
"1877","stelis.brev",1,1,94
"1878","stelis.minuta",1,1,94
"1879","trichod",19,5,94
"1880","Trichr..Cyanea",3,4,94
"1881","anthrax",4,6,95
"1882","cacox",1,5,95
"1883","chaetod",2,6,95
"1884","Chrysis.ignita",1,5,95
"1885","diptergr",5,6,95
"1886","dipterpt",8,3,95
"1887","gasterup",3,4,95
"1888","hybomisc",3,4,95
"1889","melitto",20,7,95
"1890","mono",3,8,95
"1891","Omalus.auratus",2,3,95
"1892","plodia",2,8,95
"1893","ptinus.pyrenaeus",2,3,95
"1894","ptinus.sexp",3,2,95
"1895","pyem",8,4,95
"1896","sapyga",2,4,95
"1897","stelis.brev",1,2,95
"1898","stelis.minuta",1,4,95
"1899","trichod",19,10,95
"1900","Trichr..Cyanea",3,2,95
"1901","anthrax",4,6,96
"1902","cacox",1,8,96
"1903","chaetod",2,7,96
"1904","Chrysis.ignita",1,7,96
"1905","diptergr",5,6,96
"1906","dipterpt",8,7,96
"1907","gasterup",3,4,96
"1908","hybomisc",3,5,96
"1909","melitto",20,7,96
"1910","mono",3,4,96
"1911","Omalus.auratus",2,3,96
"1912","plodia",2,7,96
"1913","ptinus.pyrenaeus",2,6,96
"1914","ptinus.sexp",3,3,96
"1915","pyem",8,6,96
"1916","sapyga",2,6,96
"1917","stelis.brev",1,1,96
"1918","stelis.minuta",1,1,96
"1919","trichod",19,9,96
"1920","Trichr..Cyanea",3,3,96
"1921","anthrax",4,7,97
"1922","cacox",1,4,97
"1923","chaetod",2,3,97
"1924","Chrysis.ignita",1,2,97
"1925","diptergr",5,3,97
"1926","dipterpt",8,3,97
"1927","gasterup",3,1,97
"1928","hybomisc",3,7,97
"1929","melitto",20,6,97
"1930","mono",3,6,97
"1931","Omalus.auratus",2,4,97
"1932","plodia",2,8,97
"1933","ptinus.pyrenaeus",2,4,97
"1934","ptinus.sexp",3,2,97
"1935","pyem",8,5,97
"1936","sapyga",2,3,97
"1937","stelis.brev",1,1,97
"1938","stelis.minuta",1,1,97
"1939","trichod",19,2,97
"1940","Trichr..Cyanea",3,7,97
"1941","anthrax",4,6,98
"1942","cacox",1,5,98
"1943","chaetod",2,6,98
"1944","Chrysis.ignita",1,2,98
"1945","diptergr",5,8,98
"1946","dipterpt",8,7,98
"1947","gasterup",3,4,98
"1948","hybomisc",3,5,98
"1949","melitto",20,8,98
"1950","mono",3,8,98
"1951","Omalus.auratus",2,4,98
"1952","plodia",2,5,98
"1953","ptinus.pyrenaeus",2,2,98
"1954","ptinus.sexp",3,6,98
"1955","pyem",8,1,98
"1956","sapyga",2,4,98
"1957","stelis.brev",1,1,98
"1958","stelis.minuta",1,4,98
"1959","trichod",19,9,98
"1960","Trichr..Cyanea",3,2,98
"1961","anthrax",4,5,99
"1962","cacox",1,6,99
"1963","chaetod",2,5,99
"1964","Chrysis.ignita",1,5,99
"1965","diptergr",5,5,99
"1966","dipterpt",8,5,99
"1967","gasterup",3,1,99
"1968","hybomisc",3,3,99
"1969","melitto",20,14,99
"1970","mono",3,6,99
"1971","Omalus.auratus",2,3,99
"1972","plodia",2,5,99
"1973","ptinus.pyrenaeus",2,1,99
"1974","ptinus.sexp",3,2,99
"1975","pyem",8,3,99
"1976","sapyga",2,3,99
"1977","stelis.brev",1,1,99
"1978","stelis.minuta",1,1,99
"1979","trichod",19,6,99
"1980","Trichr..Cyanea",3,3,99
"1981","anthrax",4,5,100
"1982","cacox",1,4,100
"1983","chaetod",2,11,100
"1984","Chrysis.ignita",1,3,100
"1985","diptergr",5,8,100
"1986","dipterpt",8,6,100
"1987","gasterup",3,1,100
"1988","hybomisc",3,2,100
"1989","melitto",20,9,100
"1990","mono",3,6,100
"1991","Omalus.auratus",2,3,100
"1992","plodia",2,6,100
"1993","ptinus.pyrenaeus",2,2,100
"1994","ptinus.sexp",3,1,100
"1995","pyem",8,13,100
"1996","sapyga",2,2,100
"1997","stelis.brev",1,6,100
"1998","stelis.minuta",1,3,100
"1999","trichod",19,7,100
"2000","Trichr..Cyanea",3,2,100
